time,rawVelocities,velocities_y1,velocities_y2
0,0.0616227472533783,0.0616227472533783,0.0616227472533783
0.009974121093749844,0.0911253434645881,0.09012793135521312,0.0911253434645881
0.019948974609374837,0.11893889657569127,0.1169439991147538,0.11893889657569127
0.029922851562500075,0.14719864241867647,0.14420635726242648,0.14719864241867647
0.03989794921875012,0.17675460684067656,0.17276481191880155,0.17675460684067656
0.04987182617187491,0.21174946569135725,0.20676228307416974,0.21174946569135725
0.059846923828124954,0.2528297304243612,0.2468450380415487,0.2528297304243612
0.06982104492187524,0.2974096534110814,0.2904275489188939,0.2974096534110814
0.07979589843750023,0.3453071278240586,0.33732753798030857,0.3453071278240586
0.08976977539062503,0.39642736746338625,0.38745038992432373,0.39642736746338625
0.09974487304687507,0.44953192586766927,0.43955743856298174,0.44953192586766927
0.10971874999999986,0.5056466368991062,0.4946747618991062,0.5056466368991062
0.11969409179687496,0.5650108524111114,0.5530414432314239,0.5650108524111114
0.1296679687500002,0.6278366012063591,0.6148698043313591,0.6278366012063591
0.13964306640625024,0.6918769643895603,0.6779126577489353,0.6918769643895603
0.14961694335937503,0.7564820042464825,0.741520309910545,0.7564820042464825
0.15959106445312488,0.8270274303076169,0.8110683238623044,0.8270274303076169
0.16956591796874987,0.9019732529541644,0.8850166611572894,0.9019732529541644
0.17954003906250016,0.9803289954306709,0.9623749915244209,0.9803289954306709
0.18951489257812515,1.061193980941155,1.0422424916833426,1.061193980941155
0.19948876953124994,1.143709675898879,1.1237607989457539,1.143709675898879
0.20946386718749999,1.2263605282418157,1.2054141415230657,1.2263605282418157
0.21943798828124983,1.3067456677137217,1.2848018688855967,1.3067456677137217
0.22941284179687482,1.3814650624699096,1.3585237782902222,1.3814650624699096
0.2393869628906251,1.4513147533293225,1.42737605704026,1.4513147533293225
0.24936206054687515,1.5157985749351153,1.4908623688804277,1.5157985749351153
0.25933593749999995,1.5757826612601555,1.5498490675101555,1.5757826612601555
0.26931103515625,1.6303048148614967,1.6033737113458717,1.6303048148614967
0.27928515624999983,1.6798592391052851,1.6519307234802851,1.6798592391052851
0.2892597656250002,1.724282544451553,1.695356567889053,1.724282544451553
0.29923388671875006,1.7629914613990192,1.7330680727271441,1.7629914613990192
0.3092089843750001,1.7950424680112327,1.7641215695737327,1.7950424680112327
0.3191828613281249,1.8212223620672554,1.789304075934443,1.8212223620672554
0.32915795898437494,1.8413279167326007,1.8084121208341633,1.8413279167326007
0.33913208007812523,1.8564832468703145,1.822570038862502,1.8564832468703145
0.3491066894531252,1.8655504919252177,1.8306398229799052,1.8655504919252177
0.359080810546875,1.8684193322704332,1.8325112512157458,1.8684193322704332
0.3690561523437501,1.8642545896062124,1.8273489743718374,1.8642545896062124
0.3790300292968749,1.8540647728305988,1.8161617699009114,1.8540647728305988
0.3890048828124999,1.8381033219371963,1.7992028336559462,1.8381033219371963
0.3989790039062502,1.8189056688808083,1.7790077684901833,1.8189056688808083
0.4089538574218752,1.795420243976754,1.7545248582345665,1.795420243976754
0.418927978515625,1.76685194332619,1.7249591454746276,1.76685194332619
0.42890307617187506,1.7330955419144538,1.6902052342972662,1.7330955419144538
0.43887695312499986,1.695739958457037,1.651852263144537,1.695739958457037
0.44885107421875015,1.6559036317389542,1.6110185243170791,1.6559036317389542
0.4588256835937501,1.614569754808131,1.568687186448756,1.614569754808131
0.46879980468749993,1.5716244044617238,1.5247444239929737,1.5716244044617238
0.47877490234375,1.5248654842320122,1.4769879939976371,1.5248654842320122
0.4887487792968752,1.4740153112211622,1.4251404332914748,1.4740153112211622
0.49872387695312526,1.4192860505790041,1.3694136628836917,1.4192860505790041
0.5086979980468751,1.3622577271944514,1.311387927389764,1.3622577271944514
0.5186728515625001,1.303414788887823,1.2515475037315729,1.303414788887823
0.5286469726562499,1.242504647265827,1.189639950000202,1.242504647265827
0.5386220703125,1.1782710161302623,1.1244088090990123,1.1782710161302623
0.5485959472656252,1.1109338291801363,1.0560742344535738,1.1109338291801363
0.5585708007812502,1.0407302584623928,0.9848731783842677,1.0407302584623928
0.568544921875,0.968733248058825,0.9118787558713249,0.968733248058825
0.578519775390625,0.8952502151917857,0.8373982376527233,0.8952502151917857
0.5884938964843749,0.8208639656514788,0.7620145760030413,0.8208639656514788
0.5984689941406249,0.7460189007868308,0.6861720013727682,0.7460189007868308
0.6084426269531251,0.6723658683363225,0.61152160564101,0.6723658683363225
0.6184179687500002,0.5994074498290818,0.5375656529540818,0.5994074498290818
0.6283920898437501,0.5278849783531403,0.4650457693687653,0.5278849783531403
0.638366943359375,0.45783977732005815,0.3940030829841206,0.45783977732005815
0.6483410644531249,0.3900364141391437,0.3252023076938312,0.3900364141391437
0.6583159179687499,0.32581630397233435,0.2599847121754594,0.32581630397233435
0.6682897949218751,0.26567852074047077,0.19884954124828325,0.26567852074047077
0.6782648925781252,0.20792971329854593,0.1401032240407334,0.20792971329854593
0.688239013671875,0.15413259208616828,0.08530869071898077,0.15413259208616828
0.6982138671875,0.10469618486103431,0.03487479814228431,0.10469618486103431
0.7081879882812498,0.059023472795457874,-0.011795326032667114,0.059023472795457874
0.7181628417968748,0.016289522844582294,-0.05552676133510519,0.016289522844582294
0.7281367187500001,-0.023755917889657703,-0.09656958976465771,-0.023755917889657703
0.7381120605468752,-0.06113323522957339,-0.13494444128426092,-0.06113323522957339
0.748086181640625,-0.09510636365395239,-0.1699149818180149,-0.09510636365395239
0.7580600585937503,-0.12553625756737924,-0.20134226342675426,-0.12553625756737924
0.7680349121093752,-0.15286568373332715,-0.2296691749442647,-0.15286568373332715
0.7780087890625,-0.17826521040500773,-0.25606608931125774,-0.17826521040500773
0.7879838867187501,-0.20203522782151354,-0.28083361649338856,-0.20203522782151354
0.7979580078124999,-0.22411339226898605,-0.30390919305023606,-0.22411339226898605
0.80793310546875,-0.24445411654517274,-0.32524742709204774,-0.24445411654517274
0.8179067382812502,-0.26328779151051795,-0.34507846533864295,-0.26328779151051795
0.8278818359375002,-0.2803875834004754,-0.36317576699422544,-0.2803875834004754
0.837855712890625,-0.2942119601313961,-0.3779975314204586,-0.2942119601313961
0.847830810546875,-0.3025466687627386,-0.3873297498174261,-0.3025466687627386
0.8578049316406249,-0.3041295271240387,-0.3899100202881012,-0.3041295271240387
0.8677800292968749,-0.29845386786024924,0.005675659263789434,0.005675659263789434
0.8777539062500002,-0.28501664901744644,0.022608407363937693,0.019112878106592235
0.8877290039062502,-0.26357959441045914,0.047541419046209996,0.04054993271357954
0.897702880859375,-0.23407719058801515,0.08053935212599929,0.07005233653602352
0.907677978515625,-0.19664800699875978,0.12146449279053965,0.1074815201252789
0.9176520996093749,-0.15192630703281731,0.16968180757741536,0.15220322009122136
0.9276267089843748,-0.10198653295122269,0.22311736760711912,0.202142994172816
0.9376008300781251,-0.049218237985958056,0.27938127739331714,0.25491128913808064
0.9475759277343752,0.004572315633654945,0.3366677880882151,0.30870184275769363
0.9575498046875,0.059852466064213704,0.39544346777611916,0.36398199318825236
0.9675253906250001,0.11740277150251927,0.4564899014168856,0.42153229862655794
0.9774995117187499,0.1770662686783219,0.5196490134136216,0.4811957958023606
0.987474609375,0.23804874184278527,0.5841274436533699,0.542178268966824
0.9974484863281252,0.2997534613215913,0.6493276923895215,0.60388298844563
1.0074233398437502,0.36171358196383907,0.7147836845434663,0.6658431090878778
1.017397216796875,0.4238475496347403,0.7804131814717128,0.727977076758779
1.027372314453125,0.4858303002325997,0.8458918891448571,0.7899598273566384
1.037346435546875,0.5480204668358628,0.9115776705690535,0.8521499939599015
1.047321533203125,0.611383176528791,0.9784363373372666,0.9155127036528297
1.0572954101562502,0.6768866362280591,1.0474353262938803,0.9810161633520977
1.0672705078125002,0.7446960931979333,1.1187407403390393,1.048825620321972
1.077244384765625,0.8149365020536449,1.1924766784520962,1.1190660291776835
1.087219482421875,0.8867418603882062,1.2677779938619427,1.190871387512245
1.097193603515625,0.960361596744366,1.3448933450390357,1.2644911238684047
1.107168701171875,1.0357581075298747,1.4237858128998295,1.3398876346539135
1.1171423339843751,1.1139278420136123,1.5054509910773246,1.418057369137651
1.1271174316406252,1.193523137372996,1.5885422435119931,1.4976526644970347
1.13709130859375,1.2736409807211972,1.6721556161175397,1.577770507845236
1.1470654296875002,1.3531228066147134,1.7551330568319894,1.6572523337387521
1.1570405273437498,1.4310587416441554,1.8365649489367162,1.735188268768194
1.167014404296875,1.5081929372668348,1.917194673816741,1.8123224643908735
1.1769892578125,1.583967129086952,1.996464737148555,1.8880966562109907
1.18696337890625,1.6586473752365525,2.074640598119089,1.9627769023605912
1.1969384765625,1.7313882898653705,2.150877469823192,2.035517816989409
1.2069125976562503,1.8034252546804337,2.2264100494591883,2.107554781804472
1.2168876953124999,1.8742823026840458,2.3007630545380855,2.1784118298080846
1.226861328125,1.9450098083112908,2.374986003859088,2.2491393354353293
1.23683642578125,2.0147347075380795,2.4482068601611617,2.318864234662118
1.246810546875,2.0843288609401194,2.521296628384135,2.388458388064158
1.256785400390625,2.1535058306144874,2.5939694695702,2.457635357738526
1.2667595214843752,2.223015521623005,2.666974775399651,2.5271450487470437
1.2767343750000002,2.2921835388476937,2.7396386641360366,2.5963130659717324
1.286708251953125,2.361996697118644,2.8129473516643326,2.666126224242683
1.29668359375,2.4311547362308508,2.885601433415412,2.7352842633548895
1.3066574707031249,2.5030316375121213,2.960973863954028,2.80716116463616
1.316632568359375,2.575745750827079,3.0371839343442706,2.879875277951118
1.3266066894531252,2.650058460452463,3.114992258790588,2.9541879875765016
1.3365815429687502,2.726830566155595,3.195260236005417,3.0309600932796337
1.346555419921875,2.8087082056858703,3.2806334047930377,3.112837732809909
1.356530517578125,2.8941276697759726,3.3695488259584248,3.1982571969000113
1.3665046386718749,2.982501795268309,3.4614185662716945,3.286631322392348
1.3764792480468748,3.0714024060413774,3.553814962992872,3.375531933165416
1.3864533691406251,3.161503620435007,3.647411792207435,3.465633147559046
1.3964284667968752,3.2508590721464876,3.7402632009942005,3.5549885992705264
1.40640234375,3.3406412202171696,3.833540878322228,3.6447707473412083
1.416377685546875,3.430177540993059,3.9265732417369903,3.7343070681170976
1.4263518066406249,3.5222752367819323,4.022166552346797,3.826404763905971
1.4363264160156248,3.615890606825739,4.119277708338712,3.9200201339497776
1.4463005371093751,3.7150762864870797,4.221959002820987,4.019205813611118
1.4562756347656252,3.81737359093784,4.327752264347032,4.121503118061878
1.46624951171875,3.9208932952436175,4.434767497910155,4.225022822367656
1.476224365234375,4.020859183325894,4.538229257504128,4.324988710449932
1.4861982421875002,4.115830927090634,4.636696530526214,4.419960454214673
1.4961733398437502,4.201507769576781,4.7258693300876455,4.50563729670082
1.5061474609375,4.278446384552747,4.806303559884545,4.582575911676785
1.5161225585937501,4.345113232841232,4.876466365248315,4.64924275996527
1.526096435546875,4.40428869051921,4.939137352183638,4.708418217643248
1.536071533203125,4.454101752502559,4.992446371242272,4.758231279626597
1.5460454101562502,4.497108351868306,5.038948499865365,4.801237878992344
1.5560205078125002,4.533198170961633,5.0785342760339764,4.837327698085671
1.56599462890625,4.564952365633536,5.113784085526812,4.869081892757574
1.5759697265625001,4.589761317998252,5.142088994966814,4.89389084512229
1.5859433593749999,4.610786093284107,5.166609213946426,4.914915620408145
1.59591845703125,4.6245176419145,5.1838367196521045,4.9286471690385385
1.6058923339843751,4.633801212525788,5.196615819520738,4.937930739649826
1.6158674316406252,4.6366745577160655,5.2029851217863,4.940804084840104
1.625841552734375,4.635143668946295,5.2049498478374625,4.939273196070333
1.635816162109375,4.628762907010026,5.202064871849303,4.9328924341340645
1.6457902832031253,4.618422428270496,5.195220007930707,4.9225519553945345
1.655764404296875,4.605243896570157,5.185537091051301,4.909373423694196
1.6657395019531251,4.589393181167141,5.173182332723569,4.893522708291179
1.675713623046875,4.569629653469503,5.156914419846865,4.873759180593542
1.685688720703125,4.544549190746323,5.1353299141989694,4.848678717870361
1.6956623535156252,4.51778368438207,5.112059851528474,4.821913211506108
1.7056374511718753,4.486268622981252,5.084040747202941,4.790398150105291
1.715611572265625,4.451155178455334,5.052422917497957,4.755284705579372
1.72558642578125,4.410829026750344,5.015592637304663,4.714958553874382
1.735560546875,4.367160400888205,4.975419626263458,4.671289928012243
1.745535400390625,4.318265199400041,4.93002029628699,4.622394726524079
1.7555092773437502,4.269614606526604,4.884865232670899,4.573744133650642
1.7654843750000002,4.217741827213815,4.836488410433395,4.521871354337853
1.77545849609375,4.161038975047984,4.783281173088498,4.465168502172022
1.78543359375,4.10043782038668,4.726175975502478,4.404567347510718
1.79540771484375,4.038685076862611,4.667918846799342,4.342814603986649
1.805382568359375,3.974585105515573,4.607314746964002,4.278714632639612
1.8153564453125002,3.909664636012312,4.545889806718087,4.213794163136351
1.8253315429687502,3.8421252876944836,4.481846415475543,4.146254814818522
1.8353056640625,3.773335557747036,4.416552300349029,4.077465084871075
1.8452802734375,3.7021628086159266,4.348875337166028,4.006292335739965
1.8552543945312499,3.6294340021178537,4.279642145488889,3.9335635292418925
1.8652294921875,3.5540408890548556,4.207744989501176,3.8581704161788943
1.8752033691406251,3.478165428698169,4.135365058401835,3.782294955822208
1.8851784667968752,3.4006518361884877,4.0613474229674384,3.7047813633125264
1.89515234375,3.3239007807922842,3.9880918968285806,3.628030307916323
1.90512744140625,3.247399935282904,3.9150870083944853,3.551529462406943
1.9151015624999999,3.17269057813921,3.8438732660717245,3.476820105263249
1.92507666015625,3.098685444217217,3.773364089225016,3.4028149713412557
1.9350505371093751,3.0268982150438855,3.7050723893090303,3.331027742167924
1.9450253906250001,2.956463053119765,3.6381330988966067,3.2605925802438036
1.954999267578125,2.8884910652470106,3.5736566402811976,3.1926205923710493
1.9649738769531249,2.822199733330937,3.5108610943132335,3.126329260454976
1.9749479980468752,2.7585251762254424,3.450682152028672,3.062654703349481
1.9849228515625001,2.697029031637808,3.3926818789527347,3.001158558761847
1.9948969726562504,2.6393639249309566,3.338512387066817,2.9434934520549954
2.0048718261718754,2.584869837762412,3.2875141714099696,2.888999364886451
2.014845703125,2.534786556072197,3.2409264189770997,2.838916083196236
2.0248208007812503,2.4877781524210287,3.1974139724012165,2.7919076795450675
2.034794921875,2.4446335571609725,3.157764991962093,2.7487630842850113
2.04477001953125,2.4045830003700193,3.121210392246425,2.708712527494058
2.054744140625,2.3684759028739397,3.088598909571279,2.6726054299979785
2.064718994140625,2.335145814789851,3.058764692998887,2.6392753419138897
2.07469287109375,2.3054329167151817,3.032547324181563,2.6095624438392204
2.08466796875,2.2798346188891365,3.010444983430803,2.5839641460131753
2.0946420898437497,2.2615167409869734,2.995622720349573,2.565646268111012
2.1046169433593747,2.2503916310785694,2.987993481952866,2.554521158202608
2.1145908203125003,2.245878583836002,2.9869759639676445,2.5500081109600408
2.1245659179687504,2.2459678246608603,8.924082485828322e-05,8.924082485828322e-05
2.134539794921875,2.250257697400297,-0.015857799785410732,0.00437911356429499
2.144514892578125,2.25484156204359,-0.03151332528830747,0.00896297820758818
2.154489013671875,2.2586151476132335,-0.04797714842766678,0.012736563777231424
2.1644638671875,2.258889336694421,-0.06794185413337217,0.013010752858419128
2.17443798828125,2.2579760432869826,-0.08909255624981324,0.012097459450980619
2.1844130859375,2.259143212986801,-0.10816477669618482,0.013264629150798957
2.1943869628906247,2.2660675282786538,-0.12147737475403778,0.020188944442651735
2.204362060546875,2.279365628789557,-0.12841866438932428,0.033487044953555145
2.2143361816406246,2.3006885012764777,-0.1273332006114063,0.0548099174404757
2.2243107910156255,2.3296506134075146,-0.11860948790796749,0.08377202957151253
2.2342849121093753,2.366270450231074,-0.10222705979341076,0.12039186639507182
2.2442600097656253,2.408177558910815,-0.08055934125985936,0.16229897507481317
2.25423388671875,2.4554173000072557,-0.053556513513124626,0.20953871617125364
2.264208740234375,2.505839489630993,-0.02337321867628034,0.259960905794991
2.2741826171875,2.5599598136914854,0.010510192034506316,0.31408122985548337
2.284157958984375,2.6167957675165736,0.047106260354107754,0.3709171836805716
2.294132080078125,2.6779412518392203,0.08801433596775188,0.43206266800321824
2.304107177734375,2.741736464193117,0.13157015817545847,0.49585788035711476
2.3140810546874997,2.8085513458694074,0.1781481265020433,0.5626727620334053
2.3240559082031247,2.8773377700925042,0.2266956559382471,0.6314591862565022
2.3340297851562504,2.9482733325328567,0.27739430502889206,0.7023947486968547
2.3440048828125004,3.0196161989404553,0.3284977812903007,0.7737376151044533
2.3539790039062503,3.0920413610552258,0.3806855346960686,0.8461627772192237
2.3639538574218752,3.164791954679446,0.4331972335333956,0.9189133708434438
2.373927734375,3.2387276199012267,0.48689598540547074,0.9928490360652247
2.38390283203125,3.312369626530367,0.5402986018884212,1.066491042694365
2.393876708984375,3.3876214322924967,0.5953134943008451,1.1417428484564947
2.40385205078125,3.4626051254667787,0.6500573019696403,1.2167265416307766
2.413826171875,3.5388841868432572,0.7060989546371162,1.2930056030072552
2.423801025390625,3.61534069951254,0.7623165725195061,1.369462115676538
2.4337749023437496,3.6936158202255664,0.8203547798828267,1.4477372363895644
2.4437499999999996,3.7725969560371335,0.8790965255482038,1.5267183722011315
2.4537238769531253,3.8533906078606015,0.9396532640219644,1.6075120240245995
2.4636989746093754,3.934299440963972,1.0003227069791452,1.6884208571279702
2.4736728515625,4.016758930364211,1.062545283029678,1.7708803465282088
2.483647705078125,4.09900482747181,1.1245522853503842,1.853126243635808
2.493621826171875,4.18161605214535,1.186926101314922,1.9357374683093482
2.503596923828125,4.2626434098646735,1.247714068888055,2.0167648260286715
2.51357080078125,4.3443264852759595,1.3091602309496353,2.0984479014399575
2.5235458984375,4.424349240641332,1.368943596168818,2.17847065680533
2.5335200195312497,4.504901435732926,1.429258382551409,2.2590228518969235
2.5434948730468747,4.584822176155196,1.4889402281867865,2.338943592319194
2.5534689941406254,4.6656923645248485,1.5495730078474343,2.4198137806888464
2.5634440917968746,4.746097158688489,1.6097384118648868,2.5002185748524868
2.5734179687500003,4.828651875252213,1.6720562150789031,2.5827732914162107
2.5833928222656253,4.911865810480322,1.7350312555201188,2.6659872266443196
2.593366943359375,4.997729825258155,1.8006578615889495,2.7518512414221528
2.603341796875,5.0849493110182165,1.867638452562118,2.8390707271822144
2.61331591796875,5.175138340936152,1.9375900737710507,2.9292597571001497
2.623290771484375,5.266780806997675,2.0089936450456807,3.0209022231616727
2.6332646484374997,5.361211865888166,2.0831877905864657,3.1153332820521635
2.643239990234375,5.455393357837284,2.1571293970300975,3.209514774001282
2.6532141113281247,5.551751757647648,2.233250388131459,3.305873173811646
2.6631889648437497,5.647812842755086,2.309072578452004,3.401934258919084
2.6731630859375004,5.745123608009071,2.3861459349969847,3.499245024173069
2.6831379394531254,5.842293240549632,2.4630766727506526,3.5964146567136304
2.69311181640625,5.942660325758972,2.5432068446102862,3.69678174192297
2.7030869140625002,6.045293475324931,2.625600604030056,3.7994148914889294
2.71306103515625,6.153569948916742,2.713639668912864,3.9076913650807397
2.72303564453125,6.265438359716084,2.80526968028461,4.019559775880082
2.733009765625,6.3806232019261495,2.900217113785673,4.1347446180901475
2.74298486328125,6.49337052832368,2.992725050037013,4.2474919444876775
2.7529587402343747,6.605409207440266,3.084526815803893,4.359530623604264
2.76293408203125,6.71083316703294,3.169710889891081,4.464954583196938
2.7729082031249996,6.810996135133195,3.249636449282333,4.565117551297193
2.7828828125000005,6.9042964599813725,3.322698374702913,4.6584178761453705
2.7928569335937503,6.991779635028979,3.389944141041517,4.745901051192977
2.8028320312500004,7.071069484399661,3.4489946002660092,4.825190900563659
2.812805908203125,7.145705299853333,3.503393502369975,4.899826716017331
2.822781005859375,7.212065341591585,3.549514153962037,4.966186757755583
2.8327548828125,7.273860957599516,3.5910728566202623,5.027982373763514
2.842729736328125,7.329853335308551,3.6268263395424043,5.083974751472549
2.852703857421875,7.382462980346909,3.6591985758717596,5.136584396510907
2.8626777343749996,7.432869744878068,3.689368427053213,5.186991161042066
2.8726530761718747,7.477650145974586,3.7139089426442444,5.231771562138584
2.8826279296874997,7.5177204132079956,3.7337403150907607,5.2718418293719935
2.8926020507812504,7.553691432188996,3.749473925362757,5.307812848352994
2.9025769042968754,7.585379935165767,3.7609235335526345,5.339501351329765
2.9125510253906253,7.6150316442786625,3.7703378339565274,5.3691530604426605
2.9225261230468753,7.638288220269388,3.773355019801063,5.392409636433386
2.9325,7.658045062858275,3.7728749490402445,5.4121664790222725
2.942474853515625,7.671550229956373,3.7661412213514494,5.425671646120371
2.95244873046875,7.683008174435675,3.7573622524810455,5.437129590599673
2.962423828125,7.689208672281986,3.7433233601811673,5.443330088445984
2.97239794921875,7.693067341989914,3.726944621180092,5.447188758153912
2.9823728027343748,7.691325919711557,3.704964304114842,5.445447335875555
2.9923466796875005,7.686325197762274,3.679726668815852,5.440446613926272
3.0023217773437496,7.673769954042937,3.6469320349503267,5.427891370206935
3.0122956542968753,7.657245979168299,3.610171146725981,5.411367395332297
3.0222707519531253,7.633537997240454,3.566223774651946,5.387659413404452
3.032244873046875,7.60644706886884,3.518895437571329,5.360568485032838
3.042219970703125,7.572922381559018,3.465131360115318,5.327043797723016
3.05219384765625,7.5366890875202674,3.4086611527268613,5.290810503684265
3.0621689453125,7.494433166416316,3.3461658414767204,5.248554582580314
3.072142822265625,7.450006247341584,3.281502009052282,5.204127663505582
3.08211767578125,7.400746138899639,3.212003005823444,5.154867555063637
3.0920917968749997,7.349534454598052,3.1405539128128543,5.10365587076205
3.1020666503906247,7.294259401575299,3.065039965003208,5.048380817739297
3.1120407714843754,7.237320427869992,2.9878635825888975,4.99144184403399
3.1220158691406255,7.175923191150219,2.9062269557229343,4.930044607314217
3.1319897460937502,7.113023617084317,2.823090468307327,4.867145033248315
3.1419645996093752,7.045866356670537,2.735694313106653,4.799987772834535
3.151938720703125,6.977212414627337,2.6468029623544505,4.731333830791335
3.161913818359375,6.904994394883054,2.5543455524639778,4.659115811047052
3.171887939453125,6.8326878949797525,2.4618016438516737,4.5868093111437505
3.181863037109375,6.757828191506375,2.3667025502321066,4.511949607670373
3.1918366699218748,6.684056489589498,2.27269443032482,4.438177905753496
3.201811767578125,6.607709567897204,2.1761081184863365,4.361830984061202
3.2117858886718746,6.532099862608362,2.0802610044884924,4.28622127877236
3.2217607421874996,6.456123208583426,1.9840454556766631,4.210244624747424
3.2317348632812504,6.382841156888143,1.8905259952723759,4.136962573052141
3.2417097167968754,6.310738726168891,1.7981846697662305,4.064860142332889
3.25168359375,6.242582726383215,1.7097917566308491,3.9967041425472134
3.26165869140625,6.175802358021028,1.622771998122472,3.929923774185026
3.2716328125,6.112561922471953,1.539294153864395,3.8666833386359514
3.28160791015625,6.049747482048827,1.456240323295078,3.8038688982128246
3.29158203125,5.988110016608562,1.3743654491458113,3.7422314327725603
3.301556884765625,5.92467525574324,1.2906917934935955,3.6787966719072376
3.3115307617187497,5.862596504827131,1.2083761292277813,3.616717920991129
3.3215058593749998,5.801679913696921,1.1272201479513808,3.555801329860919
3.3314799804687496,5.746503622111164,1.0518064476566216,3.500625038275162
3.3414545898437504,5.697147493208201,0.9822119193260601,3.4512689093721987
3.3514287109375003,5.655660464205204,0.9204874816140611,3.409781880369202
3.3614038085937503,5.620039254150332,0.8646268814129989,3.37416067031433
3.371377685546875,5.592670442346752,0.8170211562597136,3.34679185851075
3.381352783203125,5.569584016771605,0.7736953405383766,3.3237054329356033
3.391326904296875,5.5501723659219255,0.7340462809796944,3.3042937820859235
3.4013017578125,5.52937494422808,0.6930099644989562,3.2834963603920784
3.41127587890625,5.507894434145967,0.6512920457078399,3.2620158503099645
3.4212509765625,5.483929110267206,0.6070873316828891,3.238050526431204
3.4312248535156247,5.461406526128297,0.5643278341942741,3.2155279422922947
3.4411997070312497,5.440622519228145,0.5233049325072296,3.194743935392143
3.4511738281250004,5.42575362959002,0.48819863416010056,3.1798750457540184
3.4611486816406254,5.417287307374424,0.45949341715761083,3.1714087235384216
3.4711228027343752,5.418927456212369,0.0016401488379456097,0.0016401488379456097
3.4810979003906253,5.4302047506399775,-0.010575891537517059,0.012917443265553885
3.49107177734375,5.453095941649058,-0.011175160333367046,0.03580863427463399
3.501046630859375,5.484268873888529,-0.0034949878973386667,0.06698156651410514
3.5110205078125,5.524835330195908,0.013581008605110786,0.10754802282148468
3.520995849609375,5.571076164716064,0.03632793332256694,0.15378885734163994
3.530969970703125,5.625866173108581,0.06762690691052614,0.2085788657341574
3.540945068359375,5.685423414791355,0.10369081379022929,0.2681361074169315
3.5509187011718755,5.750777899439948,0.1455554136335178,0.333490592065524
3.5608937988281246,5.816466859102243,0.1877510384927441,0.39917955172781916
3.5708676757812503,5.882934953298015,0.2307286728835844,0.46564764592359165
3.5808427734375003,5.946557189574397,0.27085757435689556,0.5292698821999737
3.59081689453125,6.010224392706684,0.31103374268462397,0.5929370853322604
3.600791748046875,6.072806049873825,0.3501226400483221,0.6555187424994013
3.610765625,6.137728777900671,0.3915549082702381,0.7204414705262474
3.62074072265625,6.202226863171042,0.4325596587375379,0.7849395557966181
3.630714599609375,6.269488462736093,0.47633079849765897,0.8522011553616693
3.64068994140625,6.336342846811756,0.5196912727706229,0.9190555394373323
3.6506640624999998,6.405976573688294,0.5658339648426027,0.9886892663138704
3.6606389160156247,6.475414018896799,0.6117786502476644,1.058126711522375
3.6706127929687504,6.547138425406934,0.6600125969528677,1.1298511180325104
3.6805878906250005,6.618752110730804,0.7081329474736666,1.2014648033563802
3.6905617675781253,6.693555007961996,0.759445384899929,1.2762677005875727
3.7005366210937503,6.768853063114835,0.811250680249325,1.3515657557404115
3.7105107421875,6.846358267673909,0.8652648500038408,1.4290709602994855
3.720485595703125,6.923849886391141,0.9192637089176294,1.506562579016717
3.730459716796875,7.003155296308303,0.9750780840302334,1.5858679889338791
3.740434814453125,7.080853833100109,1.029283286018969,1.6635665257256855
3.7504086914062498,7.160151843024272,1.0850908361382012,1.742864535649848
3.7603837890625,7.237736122202808,1.1391817805136664,1.8204488148283842
3.7703579101562497,7.316278333331278,1.194232956837578,1.898991025956854
3.7803327636718747,7.393514294424312,1.2479761581271698,1.9762269870498885
3.7903068847656254,7.471943416438467,1.3029142453367646,2.0546561090640436
3.8002817382812504,7.5499922577606196,1.357470326855474,2.132704950386196
3.810255615234375,7.631325924532701,1.415313533822626,2.2140386171582778
3.820230712890625,7.713038928916436,1.4735332034032897,2.2957516215420126
3.830204833984375,7.798585741515315,1.5355889811976102,2.3812984341408914
3.8401796875,7.885481358356042,1.5989918382348947,2.4681940509816185
3.85015380859375,7.97633018007646,1.6663496251507546,2.5590428727020367
3.86012890625,8.067708094536709,1.734234204807932,2.650420787162285
3.8701027832031247,8.163256050211888,1.8062917006781816,2.745968742837465
3.8800778808593748,8.258834387934158,1.8783767035973802,2.8415470805597343
3.8900520019531246,8.356784466187763,1.9528357470464273,2.9394971588133396
3.9000268554687496,8.45357608675959,2.026134607814811,3.036288779385166
3.9100007324218753,8.551956553190045,2.1010246144403344,3.134669245815622
3.9199758300781253,8.64844721486311,2.174021941310327,3.231159907488686
3.9299506835937503,8.744635284097201,2.2467172507409767,3.327347976722778
3.9399248046875,8.842967555268187,2.3215584871074038,3.425680247893763
3.949899658203125,8.94165829071367,2.396756462749445,3.5243709833392467
3.95987353515625,9.044913561934983,2.4765212741658273,3.6276262545605595
3.969848876953125,9.148436115470432,2.5565499178985767,3.731148808096008
3.979822998046875,9.255707563303226,2.6403303309268122,3.838420255928802
3.9897978515625,9.361954423888246,2.72308443170839,3.9446671165138225
3.9997719726562497,9.467410884104227,2.805049857119813,4.050123576729804
4.009746826171875,9.56743519548073,2.881581408692873,4.150147888106306
4.019720703125,9.664147735164738,2.9548034885719483,4.246860427790314
4.0296958007812504,9.753141582797943,3.0203040014020823,4.335854275423519
4.039669921875,9.83896329010269,3.0826346739022714,4.421675982728266
4.04964453125,9.919633802740131,3.1398130017358983,4.502346495365708
4.05961865234375,9.998904395084462,3.195592559275671,4.581617087710039
4.069593994140625,10.07359938394822,3.2467936383367304,4.656312076573797
4.07956787109375,10.149804419579015,3.299508214162594,4.732517112204591
4.08954296875,10.222356525709353,3.348566985489861,4.805069218334929
4.09951708984375,10.294334425851774,3.3970538508277244,4.877047118477351
4.10949169921875,10.362903996230196,3.442131236402332,4.945616688855773
4.1194658203125,10.429726349024547,3.4854625543921243,5.012439041650123
4.12944091796875,10.490153816235635,3.5223966868001417,5.072866508861211
4.139414794921875,10.547993154515492,3.556745565275066,5.130705847141068
4.149389892578125,10.597530838771384,3.582789914727887,5.18024353139696
4.15936376953125,10.643204102452593,3.6049727186041665,5.225916795078169
4.169338623046875,10.681119256166157,3.619395112514288,5.263831948791734
4.179312744140625,10.715860177540709,3.630644999084281,5.298572870166285
4.1892880859375,10.743946106160358,3.635237017901231,5.326658798785934
4.199261962890625,10.769784973515277,3.6375854254512197,5.352497666140853
4.20923681640625,10.789106058700694,3.6334137508331947,5.371818751326271
4.2192109375,10.806194601612685,3.6270112589406267,5.388907294238261
4.229185791015625,10.817883935553612,3.6152078330781108,5.400596628179188
4.2391599121093755,10.827060291282265,3.600893154002204,5.409772983907842
4.249135009765625,10.829558009518992,3.5798975374358624,5.412270702144569
4.25910888671875,10.829931273319618,3.5567803414315557,5.412643965945194
4.269083740234375,10.823456396131553,3.5268127044400477,5.406169088757129
4.2790576171875,10.81484573462859,3.4947115831321542,5.3975584272541655
4.28903271484375,10.799009869371096,3.4553823830715897,5.381722561996672
4.2990068359375,10.780789275574097,3.413670754470033,5.363501968199674
4.30898193359375,10.756072138573254,3.3654602826661186,5.33878483119883
4.318955810546875,10.729806944280128,3.3157046285680627,5.312519636905704
4.328930908203125,10.69618098672521,3.258585336210074,5.278893679350786
4.33890478515625,10.660371876706044,3.199285766385978,5.243084569331621
4.3488798828125,10.617540265232012,3.132960820108875,5.200252957857589
4.35885400390625,10.572499281502587,3.0644288015748895,5.1552119741281635
4.368828857421875,10.52207757561084,2.9905143358796997,5.104790268236417
4.378802734375,10.470553064850355,2.9154993653142847,5.053265757475931
4.38877783203125,10.414233694548356,2.835686660209215,4.996946387173932
4.3987529296875,10.352956213856793,2.75091584471458,4.935668906482369
4.4087265625,10.291529061031824,2.6659988070843097,4.8742417536574
4.418701904296875,10.224099874832543,2.57507571108233,4.8068125674581195
4.428676025390625,10.155958940384046,2.4834437418292747,4.738671633009623
4.43865087890625,10.08417175831688,2.3881637999586665,4.666884450942457
4.448625,10.012555995212187,2.2930570020494145,4.5952686878377635
4.458599853515625,9.938976530117486,2.1959847771512706,4.5216892227430625
4.46857373046875,9.868169913647806,2.101687700876661,4.450882606273383
4.478548828125,9.796460676857889,2.0064851292836723,4.379173369483465
4.488522705078125,9.72934419648986,1.9158781891107117,4.3120568891154365
4.498497802734375,9.662069270865612,1.8251099286833918,4.244781963491188
4.508471923828125,9.598009207799064,1.7375588308122865,4.180721900424641
4.518447021484375,9.53282104271262,1.6488773309227707,4.115533735338196
4.5284208984375,9.470446850437044,1.5630126788422656,4.053159543062621
4.53839599609375,9.404965005325321,1.4740374989274714,3.9876776979508977
4.548369873046875,9.340165144243839,1.385747178041059,3.9228778368694153
4.5583447265625,9.274451265195,1.2965405391887765,3.8571639578205756
4.56831884765625,9.215312899942923,1.2139111391321418,3.798025592568499
4.5782939453125,9.161774740739633,1.1368796451257808,3.744487433365209
4.5882678222656255,9.11805193809322,1.0696663826744364,3.7007646307187967
4.598242919921875,9.078074133824561,1.0061952436027082,3.6607868264501375
4.608216796875,9.043595004118062,0.948225654091277,3.6263076967436385
4.618191650390625,9.008520895118517,0.8896587852882893,3.5912335877440933
4.628165771484375,8.974468584503294,0.8321154398685078,3.55718127712887
4.63814111328125,8.937125685780382,0.7712786313428968,3.519838378405958
4.648114990234375,8.901795790178607,0.7124582759361915,3.4845084828041832
4.65808984375,8.865961563036059,0.6531312889902012,3.4486742556616354
4.668063720703125,8.835293834262542,0.5989731004117536,3.418006526888118
4.678038818359375,8.808234901898176,0.5484208332443172,3.3909475945237526
4.688012939453125,8.790565369919982,0.5072602664615644,3.373278062545558
4.69798779296875,8.780661014858852,0.473863151596992,3.3633737074844285
4.7079619140625,8.781857307215876,0.0011962923570241202,0.0011962923570241202
4.717936767578125,8.79194749867527,-0.015838434649684045,0.011286483816418169
4.72791064453125,8.813958150018435,-0.020950046176913012,0.033297135159582325
4.7378857421875,8.844254307009107,-0.017779471551269715,0.06359329215025511
4.74785986328125,8.885610575047972,-0.0035461302817257206,0.1049495601891195
4.757834716796875,8.933046382465964,0.016764758670164193,0.15238536760711163
4.767808837890625,8.987841381088316,0.04443683052319597,0.20718036622946379
4.777783935546875,9.046544763696572,0.07601463076642218,0.2658837488377195
4.787759033203125,9.10843304150063,0.11077732620545128,0.32777202664177807
4.79773291015625,9.175346016109915,0.1505680379443424,0.3946850012510623
4.807707763671875,9.242596891755701,0.19069399512402674,0.4619358768968489
4.8176816406250005,9.313193142331638,0.2341679828295682,0.5325321274727859
4.82765673828125,9.382276976455287,0.2761262345881904,0.6016159615964352
4.837630859375,9.453599133825234,0.32032546518881433,0.6729381189663819
4.847605712890625,9.52438832254298,0.3639897354404589,0.7437273076841286
4.857579833984375,9.598098346973966,0.4105768331021239,0.817437332115114
4.867554931640625,9.671262828220335,0.4566157319834636,0.8906018133614833
4.87752880859375,9.748510670050122,0.5067413109428567,0.9678496551912694
4.88750390625,9.825410034517912,0.5565150930456173,1.0447490196590596
4.89747802734375,9.905246671575027,0.6092288033334119,1.1245856567161745
4.90745263671875,9.985144058327297,0.662001935518507,1.2044830434684446
4.9174267578125,10.066596859706896,0.7163318101287862,1.2859358448480442
4.92740185546875,10.14612630983621,0.768735677893071,1.3654652949773585
4.937375732421875,10.228344078982492,0.8238311841689563,1.4476830641236393
4.9473508300781255,10.309302141033971,0.8776636638554062,1.5286411261751187
4.957324951171875,10.39478761641556,0.9360262124676744,1.6141266015567073
4.9673005371093755,10.47894191405843,0.9930535999476605,1.6982808991995775
4.9772744140625,10.567134474113718,1.054123897132556,1.7864734592548661
4.987249755859375,10.652065042500293,1.1119282192551743,1.8714040276414412
4.9972236328125,10.73900052055232,1.1717414344368082,1.958339505693468
5.007198486328125,10.823419322336278,1.2290353177546636,2.042758307477426
5.017172607421875,10.909352839390793,1.2878459080398588,2.1286918245319413
5.027147705078125,10.993067953658969,1.3444354399430045,2.2124069388001164
5.03712158203125,11.080426623833596,1.4046718472472381,2.2997656089747434
5.0470966796875,11.166683332048226,1.4638029730968394,2.386022317189374
5.0570703125,11.258238508941645,1.528236551018792,2.4775774940827926
5.06704541015625,11.349048673480475,1.5919211331925927,2.5683876586216225
5.07701953125,11.444110391094707,1.659859924037502,2.663449376235855
5.086994384765625,11.541373775035542,1.7299983895122344,2.7607127601766894
5.096969482421875,11.640225312961999,1.801724345073662,2.8595642981031464
5.106943603515625,11.74430851738983,1.8786846227321736,2.9636475025309785
5.116918701171875,11.847447295353746,1.9546978183310593,3.0667862804948935
5.126892578125,11.95343746450976,2.03356572461668,3.1727764496509074
5.13686767578125,12.055127268160227,2.108129945902118,3.274466253301375
5.146841552734375,12.157953657951587,2.1838340728230854,3.3772926430927352
5.15681640625,12.258203276481806,2.256958772887202,3.477542261622954
5.16679052734375,12.360764008562352,2.332396578198427,3.5801029937035
5.176765625,12.462151668714137,2.406658655985183,3.6814906538552847
5.186739501953125,12.56948586206071,2.486870586461362,3.788824847201857
5.19671435546875,12.677944727371441,2.568204533305992,3.897283712512589
5.206688232421875,12.792265950368002,2.655403493432156,4.011604935509149
5.21666357421875,12.903255278264607,2.7392665750648053,4.122594263405755
5.2266376953125,13.014193564213834,2.823081934244711,4.233532549354981
5.23661279296875,13.117959598972787,2.899722386638635,4.337298584113935
5.246586669921875,13.220799353258384,2.975439878053839,4.440138338399532
5.2565615234375,13.31646793035637,3.0439835366857237,4.535806915497519
5.266535400390625,13.410123418701236,3.1105167621601955,4.629462403842384
5.276510498046875,13.49601319030258,3.1692809513965106,4.715352175443728
5.286484619140625,13.57992811262693,3.2260729469515406,4.7992670977680785
5.29645947265625,13.657712953485069,3.276732869343576,4.8770519386262166
5.306433349609375,13.736242421480508,3.32814007446862,4.955581406621656
5.31640869140625,13.808990330184663,3.373761736908821,5.028329315325811
5.32638232421875,13.884987765977513,3.422637573730203,5.104326751118661
5.336357666015625,13.95528090001756,3.465804461506292,5.174619885158707
5.346331787109375,14.025806013109326,3.5092066478287385,5.245144998250474
5.356306396484375,14.09234144491843,3.548617825070668,5.311680430059578
5.366280517578125,14.157222807579235,3.5863762609621515,5.376561792720382
5.376255615234375,14.21397749426077,3.6160053652786583,5.433316479401919
5.3862294921875,14.268198334089938,3.643103942237432,5.487537319231086
5.39620458984375,14.314855318996564,3.6626353447790287,5.534194304137712
5.406179443359375,14.355321740484163,3.6759768478005252,5.574660725625311
5.4161533203125,14.392951760368906,3.686484604814875,5.6122907455100535
5.426128662109375,14.420217461901071,3.686624060083084,5.639556447042219
5.4361027832031255,14.443982305022928,3.6832659764356177,5.663321290164076
5.446077392578125,14.460499544686801,3.6726589615323157,5.679838529827949
5.456051513671875,14.4733827473612,3.658419237437394,5.692721732502347
5.466026611328125,14.47708360933037,3.6349945170415348,5.696422594471517
5.47600048828125,14.479038111411993,3.6098267562527653,5.698377096553141
5.4859755859375,14.47257642890961,3.5762394913853526,5.691915414050758
5.49594970703125,14.462919260433182,3.539459396139604,5.68225824557433
5.50592431640625,14.447100879471158,3.496516760610405,5.666439864612306
5.5158984375,14.429458725079368,3.4517516794492944,5.648797710220515
5.52587353515625,14.404930861257224,3.4000982332621215,5.624269846398372
5.5358474121093755,14.380671848281821,3.348716957416323,5.600010833422969
5.545822509765625,14.350377599180398,3.2912971259498724,5.5697165843215455
5.555796630859375,14.319729995398001,3.233526595398153,5.539068980539149
5.565771484375,14.2841700937261,3.1708417752601497,5.503509078867248
5.57574560546875,14.247909326725376,3.1074580814901047,5.467248311866523
5.585720703125,14.205179823687319,3.0376029960870183,5.424518808828466
5.595694580078125,14.16204879419332,2.967349703722626,5.381387779334467
5.60566943359375,14.113223677582022,2.8913996686452266,5.33256266272317
5.6156435546875,14.063639291436951,2.8146923557308354,5.282978276578099
5.625618408203125,14.009346098869155,2.733274244696937,5.228685084010303
5.635592529296875,13.954617244046753,2.651422463105215,5.173956229187901
5.645567626953125,13.895174531412687,2.564854168106119,5.114513516553835
5.65554248046875,13.832239391689809,2.4747941099171387,5.051578376830957
5.6655166015625005,13.769103169817772,2.3845349612757785,4.9884421549589195
5.67549169921875,13.701021236924362,2.289327446017342,4.92036022206551
5.685465576171875,13.634988248484918,2.1961721947075024,4.854327233626066
5.6954404296875,13.566624190561456,2.1006832183179376,4.785963175702603
5.70541455078125,13.501133748049984,2.008069849037146,4.720472733191132
5.715389404296875,13.435410435154068,1.9152216176751278,4.654749420295216
5.725363525390625,13.373954740777725,1.826642996529464,4.593293725918873
5.735338623046875,13.31117352301947,1.7367361964061794,4.5305125081606175
5.7453125,13.252747726736779,1.651188137253095,4.472086711877926
5.755287353515625,13.193560625056588,1.564876117106802,4.412899610197735
5.765261474609375,13.13744599174258,1.481638557023473,4.356784976883727
5.775236572265625,13.079138829206697,1.396205812122561,4.298477814347844
5.785210693359375,13.024100622632139,1.31404467877868,4.243439607773286
5.795185546875,12.969890826758938,1.2327099644393775,4.189229811900086
5.805159423828125,12.923682075738244,1.1593789505482897,4.143021060879391
5.815134521484375,12.879731751521188,1.0883030439662047,4.099070736662336
5.825108642578125,12.841758705552982,1.0232070712286783,4.06109769069413
5.83508349609375,12.804548125484356,0.9588715726939498,4.023887110625504
5.8450576171875,12.770755953765194,0.897956474205468,3.990094938906342
5.855032470703125,12.734608054856391,0.8346836568305624,3.953947039997539
5.86500634765625,12.700332940528382,0.7732862796321602,3.9196719256695296
5.8749814453125,12.663089802182942,0.7089175589216907,3.8824287873240895
5.88495556640625,12.629870977058266,0.6485758070276941,3.8492099621994136
5.894930419921875,12.599230942013198,0.5908108535165248,3.8185699271543463
5.904905517578125,12.571994962775815,0.5364492919141117,3.7913339479169625
5.914879638671875,12.552712630219478,0.4900440325884521,3.772051615360626
5.9248544921875,12.537894380899274,0.44810086480214606,3.7572333660404222
5.93482861328125,12.531171487547923,0.4142550446814739,3.7505104726890703
5.944803466796875,12.528613164795736,0.38457180346318554,3.747952149936884
5.95477734375,12.535120459151127,0.006507294355390769,0.006507294355390769
5.96475244140625,12.544960885110244,-0.013637622998048663,0.016347720314508152
5.974726318359375,12.563986588264775,-0.024593593698034488,0.03537342346903927
5.984701171875,12.58737964303853,-0.031185148345229355,0.05876647824279324
5.994675292968751,12.619112961746671,-0.029434237383215267,0.09049979695093491
6.004650146484375,12.653974852501648,-0.02455695604918476,0.1253616877059116
6.0146240234375,12.69648977567012,-0.012023706735232315,0.16787661087438366
6.02459912109375,12.740699556920207,0.0022007312022981063,0.2120863921244709
6.0345732421875,12.791253888095683,0.02277265463164957,0.26264072329994725
6.044548095703124,12.844148536411634,0.045682693526653884,0.31553537161589773
6.054522216796874,12.902459185668556,0.07401093503745149,0.37384602087282026
6.064497314453124,12.959675810952238,0.10124221700857589,0.43106264615650147
6.07447119140625,13.02129496474038,0.13287969694219792,0.4926817999446431
6.0844462890625,13.081209456379394,0.16280884526865597,0.552596291583658
6.09442041015625,13.144663819080554,0.19628080022369093,0.6160506542848179
6.10439501953125,13.208966456893478,0.23059956250727398,0.6803532920977418
6.114369140625,13.277890831520738,0.2695415293884089,0.7492776667250016
6.12434423828125,13.34767305637011,0.30933841092522496,0.8190598915743745
6.1343190917968755,13.4189577344877,0.35063847962186256,0.8903445696919636
6.144293212890625,13.494124057581402,0.39582239496943994,0.9655108927856659
6.1542680664062495,13.568510789470874,0.440224517437966,1.0398976246751381
6.164241943359375,13.64752783030708,0.4892598844196523,1.118914665511344
6.174217285156249,13.7238498580513,0.5355958349597106,1.1952366932555645
6.184191406249999,13.802560178602889,0.5843237477651737,1.2739470138071525
6.194166015625001,13.87969967627408,0.6314793699070196,1.3510865114783446
6.204140136718751,13.958559162843102,0.6803564487299157,1.4299459980473657
6.214115234375001,14.033686766587461,0.7254987091617185,1.5050736017917252
6.224089111328125,14.111383339641012,0.773213608360755,1.582770174845276
6.234064208984375,14.185081644176739,0.816926569583925,1.6564684793810027
6.244038330078125,14.260267342558869,0.8621298602199302,1.731654177763133
6.2540129394531245,14.334332905848862,0.9062115479805827,1.8057197410531263
6.263987060546874,14.412035823958774,0.9539320583443698,1.8834226591630383
6.27396240234375,14.48756443629618,0.9994745934776083,1.9589512715004442
6.28393603515625,14.570487337424957,1.052416554643476,2.041874172629221
6.293911376953124,14.650670447472919,1.1026135874872758,2.122057282677183
6.303885009765626,14.737863891907983,1.1598260919594254,2.209250727112247
6.313860107421876,14.82473874690547,1.2167156036443565,2.2961255821097346
6.323834228515626,14.91864334539116,1.2806377943839211,2.3900301805954243
6.333809326171876,15.013207505518752,1.3452166111989556,2.4845943407230155
6.343783203125,15.114006326610639,1.4160337584363285,2.5853931618149026
6.3537580566406255,15.214845208744594,1.4868880311493318,2.6862320439488574
6.363733154296876,15.312565449867835,1.5546229289600162,2.7839522850720986
6.3737070312499995,15.412334070013586,1.6244098752512526,2.8837209052178494
6.3836823730468755,15.506082075125287,1.6881718031587862,2.9774689103295504
6.393656494140625,15.601043118497904,1.7531504387852783,3.0724299537021675
6.403631103515625,15.69374593058835,1.8158693753463833,3.165132765792613
6.413605224609375,15.789951241836814,1.8820922788487229,3.261338077041078
6.423580322265625,15.885332192961346,1.9474878866606986,3.3567190281656103
6.433554199218751,15.986122440878873,2.0182964607237057,3.4575092760831367
6.443529052734375,16.084678941028656,2.0868683514525426,3.55606577623292
6.453502929687501,16.186587428662442,2.1587951652318083,3.6579742638667057
6.463478027343751,16.283429920731397,2.2256523139882067,3.7548167559356607
6.4734521484375005,16.38059229500209,2.2928322805127737,3.8519791302063524
6.4834272460937505,16.46960661487854,2.351861257076668,3.9409934500828037
6.4934011230468744,16.558166901282128,2.410439869625742,4.029553736486392
6.5033762207031245,16.63833923174689,2.4606268567779477,4.109726066951154
6.51335009765625,16.71804067608176,2.510346627258297,4.1894275112860235
6.5233251953125,16.789644342217926,2.5519649500819064,4.26103117742219
6.53329931640625,16.861433026754554,2.59377122687241,4.332819861958818
6.5432744140625,16.92832371022493,2.6306765670302292,4.399710545429194
6.5532490234375,16.993759085188717,2.666128066464675,4.465145920392981
6.56322314453125,17.060461930454725,2.702848503984558,4.531848765658989
6.5731982421875,17.122710235659827,2.735111465877104,4.594097070864091
6.583172119140626,17.188942525565626,2.771362081928382,4.6603293607698895
6.59314697265625,17.251363302920023,2.8037982498618335,4.722750138124287
6.603120849609375,17.315860178659076,2.838313451746367,4.78724701386334
6.61309619140625,17.37237625651506,2.8648434523981896,4.843763091719325
6.6230703124999994,17.428686457115422,2.891171245252426,4.900073292319686
6.6330454101562495,17.477670022372255,2.910169467196702,4.949056857576519
6.643019287109375,17.52727795895629,2.9297957299262176,4.998664794160554
6.652994140624999,17.569598699229118,2.9421318607780997,5.040985534433382
6.662968017578125,17.61198301361694,2.9545345013114006,5.083369848821203
6.672943115234375,17.645523324488224,2.9580894688701287,5.1169101596924875
6.682917236328125,17.67586108625455,2.9584448228903297,5.147247921458813
6.692892333984375,17.694817095906124,2.9474154892293476,5.166203931110388
6.702865966796875,17.711611743545156,2.93422919690547,5.1829985787494195
6.712841064453125,17.715740279643327,2.9083723896910847,5.187127114847591
6.72281494140625,17.716539807007234,2.8791902432004712,5.187926642211497
6.732790283203125,17.705803730928945,2.838468089918021,5.177190566133209
6.742764404296874,17.693155868752804,2.7958378199957545,5.164542703957068
6.7527392578125,17.6745704441711,2.7472677859930985,5.145957279375363
6.762714111328124,17.65026139953512,2.6929741319361713,5.121648234739382
6.772688232421874,17.624881891857235,2.6376122165121636,5.096268727061499
6.782663330078124,17.592068391113422,2.574813372455793,5.063455226317686
6.79263720703125,17.559874730015874,2.512638037503726,5.031261565220138
6.802612060546876,17.521494148476634,2.4442728465435346,4.992880983680898
6.8125859375,17.48427673217111,2.3770737563834965,4.955663567375375
6.82256103515625,17.44060340498644,2.3034150858862694,4.911990240190704
6.83253515625,17.397371505803527,2.230200778957231,4.868758341007791
6.84251025390625,17.34700738321235,2.1498513130534977,4.818394218416614
6.852484130859375,17.298017120227577,2.070879376214205,4.769403955431841
6.862459228515625,17.24174527392808,1.9846221866021492,4.713132109132342
6.872433105468749,17.186623855871122,1.899519094690679,4.658010691075386
6.882408203124999,17.125345599195324,1.808255494702324,4.596732434399588
6.892382324218749,17.06501099916792,1.7179384869287957,4.536397834372185
6.902357177734375,16.99991915337575,1.6228620317156732,4.4713059885800135
6.912331054687501,16.936796945624245,1.5297581501096489,4.408183780828509
6.922306152343751,16.86805130043242,1.4310271616052668,4.339438135636684
6.932280029296875,16.802456360974684,1.335450548293017,4.273843196178948
6.942255126953125,16.734332172194254,1.2373410162000296,4.205719007398518
6.952230224609375,16.665082628626212,1.1381061293194317,4.136469463830476
6.962204345703125,16.59815668675261,1.0411977796997038,4.069543521956874
6.9721784667968745,16.531452282549086,0.9445109677500554,4.00283911775335
6.982152587890624,16.466834863613734,0.8499111410685782,3.9382216988179977
6.99212744140625,16.401442353710962,0.7545340217448548,3.872829188915226
7.0021015625,16.340600407664198,0.6637096679519656,3.8119872428684616
7.01207666015625,16.27792209935664,0.5710460163318518,3.7493089345609043
7.022050537109376,16.221818124924773,0.48496036804546483,3.6932049601290373
7.032025634765626,16.16686719262573,0.40002409243386516,3.638254027829994
7.041999755859376,16.121516611127205,0.32469110318921546,3.5929034463314693
7.051974365234376,16.081735482196155,0.254926098728824,3.553122317400419
7.061948486328124,16.050310801542537,0.19351901032908625,3.5216976367468007
7.0719235839843755,16.020963837914337,0.13418670338832417,3.492350673118601
7.081897460937499,16.00168640199667,0.0849275936161411,3.473073237200932
7.091872558593749,15.983058275686883,0.036314123993799186,3.4544451108911467
7.101846679687499,15.967469781214147,-0.009256778225061879,3.438856616418411
7.111821289062499,15.948677382985668,-0.058033051982881556,3.420064218189932
7.121795410156251,15.93087621577839,-0.10581662693628946,3.402263050982654
7.131770751953123,15.90987322496943,-0.15680569494940588,3.3812600601736946
7.141745361328123,15.890822580539904,-0.2058402149082732,3.362209415744168
7.151719482421877,15.877144899435482,-0.24950030375883125,3.348531734639746
7.161694580078125,15.864317487379783,-0.29231305912708194,3.3357043225840464
7.1716684570312506,15.861143082321597,-0.32546913803978716,3.3325299175258607
7.181643554687501,15.860524209829991,-0.35607335384394956,3.3319110450342553
7.19161767578125,15.867610923087721,0.007086713257729471,0.007086713257729471
7.20159228515625,15.878738606919427,-0.008656097254716288,0.018214397089435508
7.21156640625,15.898203977032932,-0.01605990610968553,0.037679767202940084
7.22154150390625,15.919572086293831,-0.021563606568615584,0.0590478764638398
7.231515380859374,15.9511271401968,-0.016877073946279714,0.09060293036680811
7.24149072265625,15.984022334368095,-0.010854347182655044,0.12349812453810394
7.251464599609376,16.025288062598925,0.0035428597675372653,0.16476385276893346
7.261439453125,16.069288678631846,0.02067232376847003,0.20876446880185462
7.27141357421875,16.119163103099716,0.04367756926786592,0.25863889326972433
7.281388671875,16.165567891602116,0.0632105480504363,0.3050436817721245
7.291362548828124,16.21634193134205,0.08711606650973841,0.35581772151205904
7.30133740234375,16.266966644277932,0.1108696274136271,0.4064424344479409
7.3113115234374995,16.32245114330961,0.13948494747683138,0.461926933479619
7.321286376953124,16.37933698733158,0.1694996394668129,0.5188127775015889
7.3312617187499995,16.435218541719227,0.19850872644678808,0.5746943318892352
7.3412355957031235,16.49795258911283,0.23437425255976008,0.6374283792828397
7.351210449218749,16.561050412550227,0.27060092396516244,0.7005262027202352
7.361184570312499,16.630565723977778,0.31324705642423994,0.7700415141477865
7.371159667968749,16.70004820263177,0.355857725358402,0.8395239928017784
7.381133544921877,16.775908391107286,0.40484939255327657,0.9153841812772949
7.391108398437501,16.851396654523302,0.45346650393730425,0.990872444693311
7.401082519531251,16.93228639524763,0.5074870656931576,1.0717621854176382
7.4110573730468765,17.012500452640737,0.5608299710542715,1.1519762428107452
7.421031494140625,17.096574234616725,0.6180345740617904,1.2360500247867332
7.431006591796876,17.17773768808497,0.672326217810202,1.3172134782549794
7.44098046875,17.26402116596233,0.7317411744069284,1.4034969561323383
7.45095556640625,17.347139653401726,0.7879878521264949,1.4866154435717345
7.4609296875,17.433981216064293,0.847960235820588,1.5734570062343014
7.470904541015624,17.518211288267256,0.905319155991563,1.6576870784372648
7.480878662109376,17.604650535169284,0.9648892239251126,1.744126325339293
7.490853759765624,17.68815763237186,1.0215245114078615,1.827633422541867
7.500828369140626,17.772112790756424,1.0786091754482703,1.9115885809264324
7.510802490234376,17.859894965067774,1.1395221707911465,1.9993707552377824
7.520777587890626,17.945598481840427,1.1983538778439704,2.085074272010436
7.53075146484375,18.037244842011283,1.2631317167341938,2.1767206321812917
7.540726318359376,18.128206707154416,1.327222429845333,2.267682497324424
7.550700439453124,18.22469738236641,1.3968439260888597,2.36417317253642
7.5606755371093755,18.320201563142962,1.4654762971455764,2.459677353312971
7.5706496582031235,18.421502488716403,1.5399080437505475,2.5609782788864113
7.580624755859375,18.52014418735219,1.611677932666501,2.6596199775221994
7.590598632812499,18.623198137333144,1.6878633613668221,2.762673927503153
7.600573486328123,18.72210485112682,1.759898923128508,2.861580641296827
7.610547607421877,18.82170385404213,1.8326287470753366,2.961179644212139
7.620522460937501,18.916511079846032,1.9005648208472494,3.0559868700160404
7.630496582031251,19.01226296816143,1.9694475301941736,3.1517387583314385
7.640471435546877,19.10344690245528,2.033760312456029,3.242922692625287
7.6504453125000005,19.198545585256028,2.101990473976146,3.3380213754260364
7.6604204101562505,19.293301357928772,2.169874436929061,3.432777148098781
7.670395751953125,19.387571818649327,2.2372724302419496,3.527047608819336
7.68036962890625,19.490131741226243,2.3129638315382275,3.6296075313962515
7.6903444824218745,19.592985400810353,2.388946339090349,3.732461190980361
7.700318603515624,19.700365292831048,2.4694570521425705,3.8398410830010565
7.71029345703125,19.804754273488815,2.546974880768344,3.9442300636588232
7.720267578125,19.911087812730923,2.6264392410419783,4.050563602900931
7.73024267578125,20.009795660751234,2.6982752793424596,4.149271450921242
7.740216552734376,20.108007682859203,2.7696187801697913,4.247483473029211
7.75019140625,20.196832835991806,2.831572781270406,4.336308626161815
7.76016552734375,20.282367699379435,2.8902384656895617,4.421843489549444
7.770140380859376,20.358189584315,2.939189198593133,4.497665374485008
7.780114501953124,20.431272207873466,2.98540264318313,4.570747998043474
7.7900895996093755,20.49482864375546,3.022087269345291,4.63430443392547
7.800063476562499,20.560564324681184,3.0609544289903816,4.700040114851193
7.8100385742187495,20.623227654495565,3.0967459490849327,4.762703444665574
7.8200136718749995,20.683271707411564,3.1299181922811012,4.822747497581572
7.829987548828123,20.747267564681078,3.167045528269983,4.886743354851086
7.839962402343749,20.807152075695065,3.200058887251977,4.946627865865073
7.849936523437501,20.869853226260055,3.2358908588484887,5.009329016430064
7.859911376953123,20.927919087277996,3.2670855678344455,5.067394877448004
7.869885498046877,20.98590969290543,3.2982069944933965,5.125385483075439
7.879860595703125,21.034135083349433,3.3195605752175745,5.173610873519442
7.889834228515625,21.08415421749026,3.342711845765604,5.223630007660267
7.899809570312501,21.122936860593224,3.354622021460899,5.262412650763233
7.9097836914062505,21.160685099573268,3.3655010814724684,5.300160889743276
7.919758544921876,21.189576982197373,3.3675218120645805,5.3290527723673815
7.929732666015624,21.21541502100299,3.366490671901728,5.354890811172998
7.93970751953125,21.232045331624175,3.3562498304909196,5.371521121794183
7.949681396484374,21.248176465372364,3.3455124429584764,5.387652255542372
7.959656494140624,21.25472149809455,3.3251856659608334,5.394197288264559
7.969630859375,21.257900010362565,3.3014943415725333,5.397375800532574
7.979605712890626,21.254571087511174,3.2712942666891482,5.394046877681182
7.989580810546874,21.243198817126817,3.233050186584967,5.382674607296826
7.999554931640626,21.231086209252847,3.1940683997425183,5.370561999422856
8.009530029296876,21.209276551675543,3.1453869324453847,5.348752341845552
8.01950390625,21.186819572723273,3.096061432212482,5.326295362893282
8.029478759765626,21.15588611406034,3.0382568215175563,5.295361904230349
8.03945263671875,21.126698334811767,2.98220052098835,5.2661741249817755
8.049427734375,21.089963935133664,2.918594311590417,5.229439725303672
8.05940185546875,21.053699326996565,2.8554605244848443,5.193175117166573
8.069376953125,21.008751658282936,2.7836410460513856,5.148227448452944
8.079350830078123,20.96523447409707,2.713255340584887,5.104710264267078
8.089325927734375,20.913133766127082,2.6342828228950648,5.0526095562970905
8.0992998046875,20.86274488858297,2.5570254240703156,5.002220678752979
8.109274902343751,20.8047676875354,2.472176413302915,4.944243477705408
8.1192490234375,20.746723034185333,2.387262580984375,4.886198824355342
8.1292236328125,20.683685850982293,2.2973549034371836,4.823161641152302
8.13919775390625,20.620795209787673,2.2075950832740894,4.760270999957681
8.1491728515625,20.5539527989622,2.1138808627287866,4.693428589132209
8.15914794921875,20.48375333438241,2.0168095884291666,4.623229124552418
8.169121826171876,20.41764324626817,1.9238309790342898,4.557119036438179
8.1790966796875,20.34795168809832,1.827268268832451,4.487427478268328
8.189070556640624,20.285008252982482,1.7374563124359814,4.424484043152491
8.1990458984375,20.219709892971657,1.6452854850174852,4.359185683141666
8.20902001953125,20.162030196015643,1.5607366090929964,4.301505986185651
8.218994873046874,20.104561100623943,1.476396361669309,4.244036890793952
8.22896875,20.05499895538408,1.3999656951488069,4.194474745554087
8.23894384765625,20.003636456209577,1.3217313862544753,4.1431122463795855
8.248917724609376,19.959191892659895,1.250418301424156,4.098667682829904
8.258892822265626,19.910601172780005,1.1749557718244366,4.050076962950014
8.268866943359376,19.863334561863567,1.1008199819395248,4.002810352033576
8.278841552734375,19.81435833621207,1.024973261943876,3.9538341263820787
8.288816650390624,19.7631659614832,0.9469090774951803,3.902641751653208
8.298790771484375,19.72137947841793,0.8782534154614323,3.8608552685879385
8.30876611328125,19.683015293025626,0.8130167626614622,3.8224910831956347
8.318739990234375,19.65798550645968,0.7611184548148802,3.79746129662969
8.32871484375,19.63539777041604,0.7116595667392516,3.77487356058605
8.338688720703123,19.622277985135522,0.6716712601780999,3.7617537753055306
8.348663818359377,19.60899465591875,0.6315161212414879,3.748470446088758
8.358637939453123,19.60145967402737,0.5971119603816453,3.7409354641973795
8.36861279296875,19.59072897209262,0.5595101064148964,3.7302047622626286
8.378586669921877,19.58262802535347,0.5245406383951075,3.722103815523477
8.388561767578125,19.567110902604632,0.4821517059264466,3.706586692774641
8.39853564453125,19.555469501579736,0.44364178362091344,3.694945291749745
8.408510986328125,19.53971576466786,0.40101557930137144,3.6791915548378693
8.418485107421875,19.531737963326563,0.3661685989915999,3.6712137534965716
8.4284599609375,19.528383391002443,0.335942874635486,3.6678591811724512
8.438434814453124,19.530580080293095,0.0021966892906526425,0.0021966892906526425
8.448408935546874,19.54487746817271,-0.01284757245351352,0.016494077170268184
8.458384033203124,19.56376101545063,-0.023308547629417177,0.03537762444818782
8.468357666015626,19.595949078574005,-0.020460697714808684,0.06756568757156245
8.478332763671874,19.631635348442128,-0.014118950300504127,0.10325195743968507
8.488306640625,19.680390686597814,0.0052954564389084136,0.15200729559537152
8.49828173828125,19.732964889182643,0.028525136569913928,0.20458149818020033
8.508255859375,19.79622781403042,0.06244641179390917,0.2678444230279773
8.51823095703125,19.859049035367416,0.09592311067708217,0.3306656443649736
8.528204833984375,19.927688791682296,0.13522193557568846,0.39930540067985376
8.538179931640624,19.990199582992958,0.16838820443253144,0.4618161919905148
8.54815380859375,20.054638643737537,0.2034863337608368,0.5262552527350941
8.55812890625,20.11243809876354,0.2319412663330172,0.5840547077610978
8.56810302734375,20.172206103851348,0.26236762179704304,0.6438227128489054
8.578077880859375,20.229890029197517,0.29070774289689605,0.7015066381950739
8.588052734375,20.286512301027155,0.3179862104802245,0.7581289100247126
8.598026855468751,20.34763391068533,0.34976617051461395,0.819250519682889
8.608001953125,20.4046340572132,0.3774217945886652,0.8762506662107583
8.6179755859375,20.468912550820495,0.4123600749871926,0.9405291598180519
8.627950927734377,20.52834645732006,0.4424487408254201,0.9999630663176156
8.637925048828125,20.59302757441234,0.47778820829392454,1.0646441834098965
8.64789990234375,20.65532765914095,0.5107444887762211,1.1269442681385087
8.6578740234375,20.72135341814097,0.5474285981524594,1.1929700271385286
8.667848876953125,20.785265619934865,0.5819969957000429,1.2568822289324224
8.67782275390625,20.854839279294907,0.6222297236438112,1.3264558882924646
8.6877978515625,20.92132697879766,0.6593729006927391,1.3929435877952159
8.697771728515624,20.994327266471306,0.7030322569501175,1.465943875468863
8.707746826171874,21.062869200047437,0.742229668072426,1.5344858090449947
8.717720947265626,21.135347028838265,0.7853658472394662,1.6069636378358219
8.72769580078125,21.206787183864247,0.8274621980191381,1.678403792861804
8.7376708984375,21.275464960516157,0.8667954522172249,1.747081569513714
8.74764501953125,21.347508249549023,0.9094970916263091,1.81912485854658
8.757619873046876,21.41585816201427,0.9485031998452415,1.8874747710118278
8.76759375,21.48948772739127,0.9927918338059735,1.9611043363888285
8.77756884765625,21.55964727930535,1.0336068632662276,2.031263888302906
8.78754296875,21.63553123183355,1.0801491661706473,2.1071478408311073
8.797517822265624,21.711836155322736,1.1271102854135229,2.1834527643202932
8.807491943359375,21.795967901914047,1.1819003823810466,2.267584510911604
8.817466796875,21.880849959371705,1.237438635592395,2.3524665683692625
8.827440673828123,21.974662746579238,1.301910491383659,2.446279355576795
8.837415771484377,22.06672904625956,1.3646322686101475,2.5383456552571175
8.8473896484375,22.166614362451604,1.4351766533859225,2.638230971449161
8.85736474609375,22.266573393604244,1.5057911620847388,2.738190002601801
8.86733984375,22.365123937608843,1.5749971836355146,2.8367405466064
8.87731396484375,22.466352604978432,1.6468842013813227,2.9379692139759896
8.887288818359377,22.562462242084607,1.7136500342411813,3.034078851082164
8.897262939453125,22.65959863854391,1.7814447810767067,3.1312152475414656
8.90723779296875,22.750857232507684,1.843359570794167,3.2224738415052414
8.917211669921874,22.847590622744722,1.910752029614936,3.319207231742279
8.927186767578124,22.94220304123717,1.976019925653562,3.4138196502347284
8.937160888671874,23.04499941261199,2.049474647404599,3.516616021609547
8.947135986328124,23.145695919460735,2.120826631799521,3.6173125284582923
8.95710986328125,23.254225708480227,2.2000154894027393,3.7258423174777846
8.9670849609375,23.35808998003893,2.2745352385076183,3.829706589036487
8.97705908203125,23.46391446920957,2.3510180780544765,3.935531078207127
8.9870341796875,23.56143393474948,2.419193021140564,4.033050543747038
8.997009033203126,23.650145164178237,2.4785604463230055,4.121761773175795
9.00698291015625,23.73572031992718,2.5347946706556783,4.207336928924736
9.0169580078125,23.80726785833456,2.576997686609235,4.278884467332116
9.02693212890625,23.874632013067743,2.615020191718637,4.3462486220653
9.036906982421876,23.932415770193362,2.643460144597941,4.4040323791909195
9.046881103515624,23.98997289761124,2.671675622392041,4.461589506608796
9.05685595703125,24.04142738961087,2.693786310145357,4.513043998608428
9.066829833984377,24.099017880850454,2.7220358699686615,4.570634489848011
9.07680517578125,24.151490453730663,2.7451632021875447,4.62310706272822
9.086779296875,24.20893952006314,2.77327061889624,4.680556129060697
9.096753906250001,24.26414198875335,2.799130001547644,4.735758597750909
9.10672802734375,24.321995670052903,2.8276420332234142,4.7936122790504605
9.116703125,24.372225691412783,2.848527532129471,4.843842300410341
9.126677001953125,24.42401132762319,2.8709722369236097,4.895627936620748
9.136652099609377,24.465872639859022,2.883489026705612,4.937489248856579
9.146626953125,24.49977625111119,2.8880488337114696,4.971392860108747
9.156600830078125,24.533527328419474,2.8924589796034854,5.0051439374170315
9.166575927734376,24.555737706912538,2.8853248356427206,5.027354315910095
9.176550048828124,24.57707189115333,2.877317370259737,5.048688500150888
9.186525146484374,24.588756302802377,2.85965725945496,5.060372911799934
9.1964990234375,24.602351756490997,2.843911781727306,5.073968365488554
9.20647412109375,24.60562022432698,2.817835727109466,5.0772368333245375
9.216447998046876,24.610092107299586,2.792966678665798,5.081708716297143
9.226423095703126,24.603708328615223,2.757238377527612,5.0753249376127805
9.236397216796876,24.595286536300993,2.7194749355895995,5.06690314529855
9.246371826171876,24.57882160681529,2.6736669200650938,5.0504382158128465
9.256345947265624,24.56180571712177,2.6273093807477994,5.033422326119329
9.266321044921876,24.538411378064694,2.5745705192368935,5.0100279870622515
9.2762958984375,24.51024797014412,2.51706330707001,4.9818645791416785
9.28627001953125,24.48225351645051,2.4597272037526166,4.953870125448066
9.2962451171875,24.445605929504293,2.393735094352577,4.91722253850185
9.306218994140623,24.412151082862923,2.330939316294939,4.883767691860481
9.316194091796875,24.370263773968112,2.2597074849462992,4.84188038296567
9.326168212890623,24.328752612034947,2.1888546733893572,4.800369221032504
9.336142822265623,24.281784861921917,2.112543837237525,4.753401470919474
9.346116943359377,24.235682267625585,2.0370995933174005,4.707298876623142
9.356092041015623,24.181429846744155,1.9535026499821582,4.653046455741713
9.36606591796875,24.13000604991171,1.872737921733434,4.6016226589092675
9.376041015625,24.070473651465413,1.7838610008333133,4.54209026046297
9.38601513671875,24.01283835549439,1.6968840552385105,4.484454964491949
9.395989990234376,23.952296341336616,1.6069982368344196,4.423912950334174
9.405965087890625,23.88734429589296,1.512701668936944,4.358960904890516
9.415939208984375,23.825946190463714,1.421961913883918,4.2975627994612715
9.425914306640625,23.75895056513279,1.3256217660991694,4.230567174130346
9.43588818359375,23.697808625073332,1.235138894623438,4.169425234070889
9.445863037109374,23.633993936482643,1.141980401786439,4.1056105454802
9.4558369140625,23.578511892750914,1.0571574266384358,4.050128501748471
9.46581201171875,23.521309197930908,0.9706102093646063,3.992925806928465
9.4757861328125,23.471167245041133,0.8911266068510506,3.942783854038691
9.4857607421875,23.422170697040777,0.812786972811891,3.893787306038334
9.49573486328125,23.379892621803005,0.7411672479503384,3.8515092308005627
9.505710205078126,23.333152270005993,0.6650816554919894,3.80476887900355
9.51568408203125,23.292618740582242,0.5952071946519699,3.764235349579799
9.5256591796875,23.248367002318503,0.5216109339344075,3.71998361131606
9.535634033203124,23.205426077255964,0.44932620462555883,3.6770426862535217
9.54560791015625,23.17360376191587,0.3881629578691914,3.645220370913428
9.5555830078125,23.142105140382338,0.32731981388183495,3.613721749379895
9.56555712890625,23.119523803479417,0.2753968273551326,3.5911404124769746
9.5755322265625,23.095742656771485,0.22227115819337673,3.567359265769042
9.585506103515623,23.079922923157717,0.1771104931633407,3.5515395321552745
9.595480957031251,23.060819860656927,0.12866362641622997,3.5324364696544848
9.605454833984377,23.047684225681696,0.08618706002472454,3.519300834679253
9.61543017578125,23.028450771215866,0.03760836489756336,3.500067380213423
9.625404296875,23.01363243287258,-0.0065516230695039646,3.485249041870137
9.63537890625,22.998369099205238,-0.051158042775648394,3.4699857082027954
9.64535302734375,22.989629256743278,-0.08923953486138991,3.4612458657408354
9.655328125,22.982904764845312,-0.12530854921317935,3.4545213738428693
9.66530322265625,22.979392560888616,-0.15816527562369842,3.4510091698861736
9.675277099609374,22.988143217488748,0.008750656600131634,0.008750656600131634
9.685251953125,23.000368427347247,-0.006855742602460829,0.02097586645863103
9.695225830078124,23.02548238793491,-0.009570666293441096,0.04608982704629483
9.705200927734374,23.053660585060058,-0.009224759424994289,0.07426802417144174
9.715175048828126,23.093842123836463,0.0031272138771488017,0.11444956294784703
9.725150146484376,23.13495799216687,0.016410791950856735,0.15556543127825506
9.7351240234375,23.18713130806414,0.04075522356947994,0.20773874717552232
9.74509912109375,23.23814344432469,0.06393506957333295,0.25875088343607544
9.755072998046876,23.298892691324795,0.09685543229478735,0.31950013043617886
9.765048095703126,23.358377205356778,0.12850765607006992,0.3789846444681615
9.775022216796875,23.42409236881208,0.16639325405111433,0.4446998079234632
9.784996826171875,23.49094019245271,0.20541014982626793,0.5115476315640954
9.794971923828124,23.554530147173192,0.24116781429005357,0.5751375862845762
9.804946044921875,23.622469657074912,0.2812777587175113,0.6430770961862962
9.814921142578124,23.685240981539508,0.3162167929254115,0.7058484206508915
9.82489501953125,23.754056285520726,0.35720321262798027,0.7746637246321093
9.8348701171875,23.81705613173298,0.3923707685835338,0.8376635708443629
9.844843994140623,23.88553301180524,0.4330187643771506,0.9061404509166238
9.854819091796877,23.94838671285841,0.4680401751736122,0.9689941519697953
9.864793212890625,24.015454084291935,0.5072779811328836,1.036061523403319
9.87476806640625,24.078923239724705,0.5429155275045618,1.0995306788360892
9.884741943359376,24.14816099673959,0.5843244002407986,1.168768435850975
9.894717041015625,24.21307940610565,0.6214105193501613,1.2336868452170329
9.90469091796875,24.285260756044735,0.6657629850105985,1.305868195156119
9.914666015625,24.355388972828152,0.7080589115373149,1.3759964119395356
9.92464111328125,24.42327764491298,0.7481152933654417,1.4438850840243624
9.93461474609375,24.50039289108319,0.7974023364526182,1.5210003301945747
9.944590087890624,24.571647235391683,0.8408237093088023,1.5922546745030672
9.954564208984374,24.64950742953344,0.8908543379763014,1.6701148686448235
9.964539306640624,24.722109621641714,0.9356242398278752,1.7427170607530975
9.9745126953125,24.803664989447594,0.9893520857463275,1.8242724285589773
9.984487548828126,24.879719732149777,1.037575219387419,1.9003271712611607
9.99446142578125,24.962274130599535,1.0923007335585335,1.9828815697109192
10.004436767578126,25.038170588018623,1.1403642195253079,2.058778027130007
10.014410888671875,25.11857069651283,1.192934762545257,2.1391781356242134
10.024385498046875,25.200185107298065,1.2467182454650136,2.2207925464094487
10.034360595703124,25.279968720184144,1.2986695680943974,2.3005761592955274
10.044334716796875,25.36712203056003,1.3579933129960209,2.387729469671413
10.054309814453124,25.451578390665897,1.4146173828451938,2.472185829777281
10.06428369140625,25.545330198622974,1.4805403065236211,2.5659376377343577
10.074258544921877,25.638101896836556,1.5454803956761063,2.6587093359479397
10.084232421875,25.740232553640855,1.619782168201761,2.7608399927522385
10.09420751953125,25.83917520420827,1.690892528512477,2.8597826433196545
10.104181640625,25.94536070137203,1.7692484602019807,2.9659681404834153
10.114156982421877,26.044168614956863,1.840223402334499,3.064776054068247
10.124130615234376,26.148847674196723,1.9170742584913232,3.169455113308107
10.134105712890625,26.246937289870818,1.9873315839087227,3.2675447289822017
10.144080810546876,26.33947049691184,2.0520325006930396,3.360077936023224
10.1540546875,26.436653883124098,2.121387002626654,3.4572613222354818
10.164029541015625,26.529164271278237,2.186065781719706,3.5497717103896207
10.17400341796875,26.629517497561988,2.2585901237248076,3.6501249366733717
10.183978515625,26.725975543335387,2.327215879241507,3.746582982446771
10.19395263671875,26.82924787495472,2.402658645386583,3.8498553140661045
10.203927978515624,26.92595412569382,2.471531924673375,3.9465615648052044
10.21390185546875,27.02884538614607,2.5465943008469756,4.049452825257454
10.223876708984376,27.125273251456022,2.6151905570958354,4.145880690567406
10.2338505859375,27.224941466852904,2.6870298882140733,4.245548905964288
10.24382568359375,27.318165335994415,2.752421467098884,4.338772775105799
10.25380078125,27.40376553288006,2.810189373727827,4.424372971991442
10.263774658203124,27.490046853349323,2.868641809918448,4.510654292460707
10.27374951171875,27.566118535652624,2.9168818831606567,4.586725974764008
10.2837236328125,27.641458826578322,2.9643926086120977,4.662066265689706
10.29369873046875,27.707066645132855,3.0021681369099307,4.727674084244239
10.303672607421875,27.778405618432206,3.045678225930633,4.79901305754359
10.313647705078123,27.84429560888481,3.0837359261265416,4.864903047996194
10.323621826171877,27.916723297328495,3.12833404909596,4.937330736439879
10.3335966796875,27.988926452593972,3.1727055953003545,5.009533891705356
10.34357080078125,28.06905585106401,3.2250054282961313,5.089663290175395
10.3535458984375,28.144188136160878,3.272305423136298,5.164795575272262
10.363519775390625,28.223295595793616,3.323583998490392,5.243903034904999
10.37349462890625,28.293977580203883,3.3664343738395672,5.314585019315267
10.3834697265625,28.352214804398507,3.396839307777491,5.372822243509891
10.393443603515625,28.40818820340207,3.4249838225024094,5.428795642513453
10.403418701171876,28.447501992678138,3.436465321521773,5.468109431789522
10.413392578125,28.485009723862373,3.4461441684273635,5.505617162973756
10.42336767578125,28.509444859314314,3.442747013622605,5.530052298425698
10.433341796875,28.532304090883997,3.4377766797180307,5.552911529995381
10.44331689453125,28.5415505674023,3.4191908659796337,5.562158006513684
10.453290771484376,28.550941242616467,3.400752656915152,5.571548681727851
10.463265625,28.55022603879656,3.372205844034157,5.570833477907943
10.47323974609375,28.548253629340117,3.342403869103457,5.5688610684515005
10.483214599609376,28.53703493335899,3.303353564061237,5.557642372470372
10.493189697265626,28.521195316679893,3.2596816571254417,5.541802755791277
10.503163818359376,28.507328221200503,3.2179849961717935,5.527935660311886
10.513138427734376,28.485544816472224,3.1683706635780364,5.506152255583608
10.523112548828124,28.464005026873412,3.119001308504972,5.484612465984796
10.533087890625,28.432138933328137,3.0593022435073833,5.45274637243952
10.543061767578124,28.40411298342713,3.003447409327732,5.424720422538513
10.55303662109375,28.366844858225516,2.938347675065027,5.3874522973369
10.5630107421875,28.331576606577087,2.875249857942341,5.352184045688471
10.572985595703123,28.290870508466107,2.8067121507702733,5.31147794757749
10.582959716796877,28.251527100540105,2.739539177370005,5.272134539651489
10.592934814453123,28.202510209606377,2.6626899961795862,5.223117648717761
10.60290869140625,28.15657537277307,2.588926275067625,5.177182811884453
10.612883544921877,28.105174609761818,2.509693902995281,5.1257820488732015
10.622858642578125,28.046812601710176,2.4234996046869446,5.06742004082156
10.63283251953125,27.993780994850002,2.3426391135481217,5.014388433961386
10.642807861328125,27.930572925069,2.251598072314812,4.951180364180384
10.65278173828125,27.872760510147852,2.1659567731150142,4.893367949259236
10.662756591796875,27.808500563198606,2.0738652171046814,4.82910800230999
10.672730712890624,27.747122572512808,1.9846576609446256,4.767730011624192
10.682705810546874,27.678693068426053,1.8883958666011709,4.699300507537437
10.6926796875,27.616720858221925,1.7985947721183932,4.637328297333308
10.702654541015624,27.554584596014877,1.7086269008502586,4.5751920351262605
10.712629638671874,27.491429211146052,1.6176392257247336,4.512036650257436
10.722603515625,27.439335949081823,1.5377170793818555,4.4599433881932065
10.732578857421876,27.38370517952224,1.454253338369961,4.404312618633625
10.742552978515626,27.3361185682289,1.3788371616023634,4.356726007340285
10.752527587890626,27.286652808020886,1.3015404735288696,4.30726024713227
10.762501708984376,27.240332341276943,1.2273904413106695,4.260939780388327
10.772476806640626,27.187761068598597,1.1469868783756234,4.208368507709981
10.78245068359375,27.14330427040336,1.0747011959017412,4.163911709514743
10.792425537109375,27.099452578967835,1.003017895405125,4.120060018079219
10.802399658203123,27.067302972811913,0.9430387237749507,4.087910411923296
10.81237451171875,27.040765641651987,0.888669783553933,4.061373080763371
10.822348632812501,27.028561800649605,0.8486363770772889,4.049169239760989
10.83232373046875,27.022217577266744,0.8144598634377327,4.042825016378128
10.842298583984377,27.02215483910011,0.7865655162100027,4.0427622782114945
10.852272705078125,27.03202495206091,0.00987011296080098,0.00987011296080098
10.862247802734377,27.038058595898008,-0.018358859255040688,0.015903756797897017
10.8722216796875,27.050114140671745,-0.04056173764470472,0.0279593015716344
10.88219677734375,27.05414288127431,-0.07079561309507224,0.03198804217419848
10.8921708984375,27.060627831443384,-0.09856992466730766,0.03847299234327295
10.9021455078125,27.064579130936718,-0.12887956407109447,0.0424242918366069
10.91211962890625,27.074547889358062,-0.1531700673910602,0.052393050257951046
10.9220947265625,27.082256637470433,-0.17972393533162062,0.06010179837032226
10.932068603515624,27.105154354459323,-0.19108464150613202,0.08299951535921224
10.94204345703125,27.138726233872237,-0.19177453956824697,0.11657139477212652
10.952018798828124,27.180461482233707,-0.1843027458376117,0.15830664313359577
10.96199267578125,27.242672845176404,-0.15634980605832155,0.22051800607629346
10.9719677734375,27.308638417681745,-0.12464684960591194,0.28648357858163465
10.98194189453125,27.38567597839365,-0.08186855063531762,0.3635211392935389
10.99191650390625,27.46419762330314,-0.037607844622948694,0.44204278420302856
11.001890625,27.548536763914104,0.012472034246705954,0.5263819248139932
11.011865966796876,27.62677482128936,0.0564466369911214,0.6046199821892486
11.02183984375,27.7115107740218,0.10692416656016068,0.6893559349216893
11.031814697265624,27.79028966416939,0.15144127923272677,0.7681348250692785
11.041788818359375,27.866394068325263,0.19328642164728482,0.8442392292251526
11.051761962890623,27.94711291913768,0.23974936503001976,0.9249580800375696
11.06173681640625,28.01958372973894,0.27795839815624435,0.9974288906388296
11.071710693359377,28.100424473623182,0.32454071887707836,1.0782696345230711
11.081685791015625,28.179292142810574,0.3691457720115453,1.1571373037104635
11.091660888671877,28.25764536737667,0.4132363805247048,1.2354905282765607
11.101635009765625,28.343792492685047,0.46512424409177666,1.3216376535849363
11.111609619140625,28.42970035805016,0.5167711705597676,1.407545518950048
11.121583740234374,28.521553899394018,0.5743654501623168,1.4993990602939071
11.131558837890625,28.608389992868986,0.6269389275843533,1.5862351537688753
11.14153271484375,28.703456740873612,0.6877472524255721,1.6813019017735016
11.1515078125,28.79103358026651,0.7410614757655392,1.7688787411664002
11.161481689453126,28.884299696101635,0.8000691684372561,1.8621448570015247
11.171456787109374,28.967701164655256,0.8492080209379516,1.9455463255551457
11.181430908203126,29.055699752785923,0.9029473473273022,2.0335449136858124
11.191406005859376,29.139383729528355,0.9523687080168022,2.117228890428244
11.201380615234376,29.22345312088772,1.0021771604790455,2.201298281787608
11.211354736328126,29.31376668416266,1.0582314620126752,2.2916118450625476
11.221329833984376,29.39892238714136,1.1091245489384467,2.3767675480412507
11.2313037109375,29.489866960675077,1.1658106993087605,2.4677121215749658
11.24127880859375,29.570859103988195,1.2125402265689469,2.5487042648880838
11.2512529296875,29.653942377909427,1.2613642387488695,2.6317875388093164
11.261227783203124,29.730135319819958,1.303295403184377,2.707980480719847
11.271201904296875,29.808804852752985,1.3477056743760882,2.7866500136528742
11.281177001953123,29.87595934386419,1.3805975494343663,2.853804504764078
11.291150878906251,29.940087343807672,1.4104671262144364,2.9179325047075615
11.301125732421877,30.00085925155396,1.4369772564856933,2.9787044124538475
11.311100830078123,30.059794345551925,1.4616497344307404,3.0376395064518142
11.32107470703125,30.125121995958892,1.4927189616742942,3.1029671568587815
11.3310498046875,30.18030130544141,1.5136356551038812,3.1581464663413
11.34102392578125,30.23445027053557,1.5335253584567319,3.212295431435461
11.350998779296877,30.27986512612078,1.54467843656691,3.257710287020668
11.360972900390625,30.331859546243365,1.5624135949481923,3.309704707143254
11.370947998046876,30.380164089242083,1.5764555218939724,3.358009250141972
11.380921875,30.436801509769683,1.5988345192581717,3.4146466706695726
11.390896728515624,30.487309854467433,1.6150810864808987,3.4651550153673227
11.400870849609374,30.541122711090892,1.6346346813630477,3.5189678719907818
11.410845703125,30.59081200371681,1.6500621965139357,3.568657164616699
11.42082080078125,30.63400081661436,1.658988393358555,3.6118459775142497
11.430794921875,30.68060893701427,1.6713372520171546,3.6584540979141593
11.44076953125,30.72415386294321,1.6806212390489752,3.7019990238431006
11.45074365234375,30.77299611188761,1.695204226252065,3.7508412727875005
11.460718994140626,30.81378166991411,1.7017263296477245,3.7916268308139998
11.47069287109375,30.86322379441829,1.7169100309885015,3.8410689553181783
11.48066796875,30.904891918068778,1.7243155385860582,3.882737078968667
11.490641845703124,30.951018678817384,1.7361838761712636,3.9288638397172733
11.50061669921875,30.98604344281921,1.7369468626980593,3.9638886037190986
11.5105908203125,31.016312852402528,1.7329570105400687,3.9941580133024175
11.52056591796875,31.032979591504777,1.7153611335893855,4.010824752404666
11.53054052734375,31.040361224581368,1.6884818277688556,4.018206385481257
11.5405146484375,31.05048014652869,1.6643414879748697,4.028325307428581
11.55048974609375,31.057468048631076,1.6370667740243223,4.035313209530965
11.560463623046877,31.073464039386145,1.618804341615978,4.051309200286035
11.570438964843751,31.07795335242476,1.589030200023759,4.05579851332465
11.5804130859375,31.078333646384515,1.5551512322422036,4.056178807284404
11.5903876953125,31.07733287904189,1.519889526002458,4.055178039941779
11.60036181640625,31.08263864608492,0.005305767043029874,0.005305767043029874
11.6103369140625,31.08519293080652,-0.04621211203158496,0.007860051764630782
11.620311767578125,31.089194291805466,-0.09628159141204608,0.011861412763575885
11.630285888671875,31.092236041821387,-0.14730671152512195,0.014903162779496881
11.6402607421875,31.085908693064745,-0.20770490066117978,0.0085758140228549
11.650234619140624,31.087191842837044,-0.26048729760106865,0.009858963795153386
11.660209716796874,31.080233148728286,-0.3215181555060415,0.0029002696863962285
11.670183837890624,31.076052424253295,-0.3797657501100303,-0.0012804547885956197
11.68015869140625,31.063243222564278,-0.44664579217846256,-0.014089656477612067
11.6901328125,31.051529665856428,-0.5124262190153093,-0.02580321318546197
11.70010791015625,31.030747303384473,-0.5872807452834803,-0.046585575657417166
11.710081787109376,31.01378796253385,-0.6583056328462996,-0.0635449165080395
11.720056884765626,30.991297031995035,-0.7348687271813306,-0.08603584704685474
11.73003173828125,30.96632822222256,-0.8139083773332111,-0.11100465681932903
11.740005615234375,30.946849873439486,-0.8874522728284827,-0.13048300560240378
11.749980712890624,30.923105141116885,-0.9652691689472903,-0.15422773792500521
11.759954833984375,30.911442428128588,-1.030998752064594,-0.16589045091330235
11.7699296875,30.89947462997332,-1.0970373905992685,-0.17785824906857073
11.779903564453123,30.895955561003518,-1.154622006281257,-0.18137731803837198
11.78987890625,30.88196632705606,-1.2226847274417416,-0.1953665519858312
11.799852783203123,30.8746803095115,-1.2840362916984873,-0.20265256953038957
11.809827880859377,30.85896672368241,-1.3538220413238125,-0.21836615535947956
11.819802001953125,30.8481014774709,-1.4187541576643083,-0.22923140157098842
11.829776611328125,30.840107813459383,-1.4808173386384333,-0.237225065582507
11.839751708984377,30.828919825256182,-1.5460774906378594,-0.24841305378570766
11.849725830078125,30.82385227504519,-1.6052119109778384,-0.25348060399669947
11.859700927734377,30.812129304844355,-1.6710070449748997,-0.2652035741975354
11.8696748046875,30.80982177882226,-1.7273801177091805,-0.2675111002196289
11.87964990234375,30.803070752780002,-1.7882033075476558,-0.2742621262618883
11.889623779296874,30.803812292373635,0.0007415395936334335,0.0007415395936334335
11.899598876953124,30.798632767851167,0.0050198486056337276,-0.004437984928834737
11.909572998046874,30.798366144590553,0.014210132957167762,-0.004704608189449289
11.919547607421874,30.794995487076218,0.020296846016141436,-0.00807526570378414
11.929521728515626,30.795862571205163,0.0306208377572368,-0.007208181574839045
11.939496826171876,30.793592306381225,0.03780840646776716,-0.009478446398777152
11.949471923828124,30.788162919204765,0.04183685282577469,-0.014907833575236396
11.95944580078125,30.789873413952737,0.053004023705315734,-0.013197338827264815
11.969420654296876,30.784759044940184,0.05734725674665227,-0.018311707839817615
11.97939453125,30.786750656063127,0.06879554400116282,-0.016320096716874843
